<?xml version="1.0" encoding="UTF-8"?>
<configuration scan="true">
	<if condition='isNull("log.output.dir")'>
		<then>
			<property name="log.output.dir" scope="context" value="." />
		</then>
	</if>
	<property name="DEV_HOME" value="${log.output.dir}" />

	<conversionRule conversionWord="clr"
		converterClass="org.springframework.boot.logging.logback.ColorConverter" />
	<conversionRule conversionWord="wex"
		converterClass="org.springframework.boot.logging.logback.WhitespaceThrowableProxyConverter" />

	<appender name="CONSOLE" class="ch.qos.logback.core.ConsoleAppender">
		<encoder>
			<pattern>%rEx{5} %clr(A:%X{auctionCode} V:%X{vin} S:%X{sblu} W:%X{workOrder} SaleKey:%X{saleYear}%X{saleNumber}%X{laneNumber}%X{runNumber} %d{yyyy-MM-dd HH:mm:ss.SSS}){faint} %clr(%5p) %clr(${PID:-}){magenta}%clr(---){faint} %clr([%15.15t{14}]){faint}%clr(%-40.40logger{39}){cyan} %clr(:){faint} %m%n%wex</pattern>
		</encoder>
	</appender>
	
	<appender name="FILE-AUDIT"
		class="ch.qos.logback.core.rolling.RollingFileAppender">
		<file>${DEV_HOME}/application.log</file>
		<encoder class="ch.qos.logback.classic.encoder.PatternLayoutEncoder">
			<pattern>
					%date [%thread] %-5level [A:%X{auctionCode} V:%X{vin} S:%X{sblu} W:%X{workOrder} SaleKey:%X{saleYear}%X{saleNumber}%X{laneNumber}%X{runNumber}] %logger{35} - %message %rEx{5} %n
			</pattern>
		</encoder>

		<rollingPolicy
			class="ch.qos.logback.core.rolling.SizeAndTimeBasedRollingPolicy">
			<!-- rollover daily -->
			<fileNamePattern>${DEV_HOME}/application.%d{yyyy-MM-dd}.%i.log
			</fileNamePattern>
			<maxHistory>5</maxHistory>
			<maxFileSize>100MB</maxFileSize>
			<totalSizeCap>1500MB</totalSizeCap>
		</rollingPolicy>
	</appender>


	<logger name="com.manheim" level="INFO" />

	<springProfile name="uat, production">
		<logger name="com.manheim" level="INFO" />
	</springProfile>

	<logger name="ch.qos.logback" level="warn" />

	<logger name="org.springframework" level="warn" />
	<logger name="org.springframework.orm.jpa" level="DEBUG" />
	<logger name="org.springframework.transaction" level="DEBUG" />
	<logger name="org.springframework.cloud" level="info" />
	<logger name="org.apache" level="info" />
	<logger name="com.amazonaws" level="info" />
	<logger name="org.springframework.cloud.consul.config.ConfigWatch"
		level="error" />
	<logger name="org.springframework.jms" level="info" />

	<logger name="org.apache.catalina.startup.DigesterFactory"
		level="OFF" />

	<logger name="org.hibernate" level="info" />

	<logger name="javax.activation" level="error" />
	<logger name="javax.xml.bind" level="error" />

	<contextListener class="ch.qos.logback.classic.jul.LevelChangePropagator">
		<resetJUL>true</resetJUL>
	</contextListener>

	<root level="${log.level}">
		<if
			condition='isNull("log.console.enabled") || !property("log.console.enabled").contains("false")'>
			<then>
				<appender-ref ref="CONSOLE" />
			</then>
		</if>
		<appender-ref ref="FILE-AUDIT" />

		<!-- Enable if using Loggly -->
		<!--<appender-ref ref="syslogAppender"/> -->
	</root>
</configuration>
