<?xml version="1.0" encoding="UTF-8"?>
<configuration>

	<property name="DEV_HOME" value="${log.output.dir}" />
	<property name="system.environment" value="${spring.profiles.active}" />

	<appender name="FILE-AUDIT"
		class="ch.qos.logback.core.rolling.RollingFileAppender">
		<file>${DEV_HOME}/application.log</file>
		<encoder class="ch.qos.logback.classic.encoder.PatternLayoutEncoder">
			<Pattern>
				%date [%thread] %-5level [A:%X{auctionCode} V:%X{vin} S:%X{sblu} W:%X{workOrder} SaleKey:%X{saleYear}%X{saleNumber}%X{laneNumber}%X{runNumber}] %d{yyyy-MM-dd HH:mm:ss} %-5p %c{1}:%L - %m%n
			</Pattern>
		</encoder>

		<rollingPolicy
			class="ch.qos.logback.core.rolling.SizeAndTimeBasedRollingPolicy">
			<!-- rollover daily -->
			<fileNamePattern>${DEV_HOME}/application.%d{yyyy-MM-dd-HH}.%i.log
			</fileNamePattern>
			<maxHistory>1</maxHistory>
			<maxFileSize>100MB</maxFileSize>
			<totalSizeCap>1500MB</totalSizeCap>
		</rollingPolicy>

	</appender>


	<root level="info">
		<appender-ref ref="FILE-AUDIT" />
	</root>

</configuration>